{"v":"5.5.2","fr":60,"ip":0,"op":743,"w":630,"h":193,"nm":"cluby","ddd":0,"assets":[],"fonts":{"list":[{"fName":"Montserrat-Black","fFamily":"Montserrat","fStyle":"Black","ascent":74.1989135742188},{"fName":"Montserrat-Regular","fFamily":"Montserrat","fStyle":"Regular","ascent":74.1989135742188}]},"layers":[{"ddd":0,"ind":1,"ty":5,"nm":"Cocina","sr":1,"ks":{"o":{"a":0,"k":100,"ix":11},"r":{"a":0,"k":0,"ix":10},"p":{"a":0,"k":[314.806,142.032,0],"ix":2},"a":{"a":0,"k":[-0.91,-11.073,0],"ix":1},"s":{"a":0,"k":[100,100,100],"ix":6}},"ao":0,"t":{"d":{"k":[{"s":{"s":46,"f":"Montserrat-Regular","t":"Cocina","j":2,"tr":0,"lh":55.2,"ls":0,"fc":[0.102,0.102,0.102]},"t":0}]},"p":{},"m":{"g":1,"a":{"a":0,"k":[0,0],"ix":2}},"a":[{"nm":"Animator 1","s":{"t":0,"xe":{"a":0,"k":50,"ix":7},"ne":{"a":0,"k":50,"ix":8},"a":{"a":0,"k":100,"ix":4},"b":1,"rn":0,"sh":2,"o":{"a":1,"k":[{"i":{"x":[0.667],"y":[1]},"o":{"x":[0.333],"y":[0]},"t":684,"s":[-100]},{"t":744,"s":[100]}],"ix":3},"r":1},"a":{"p":{"a":0,"k":[0,174,0],"ix":2}}}]},"ip":684,"op":743,"st":684,"bm":0},{"ddd":0,"ind":2,"ty":5,"nm":"Ecología","sr":1,"ks":{"o":{"a":0,"k":100,"ix":11},"r":{"a":0,"k":0,"ix":10},"p":{"a":0,"k":[313.462,142.032,0],"ix":2},"a":{"a":0,"k":[-0.91,-11.073,0],"ix":1},"s":{"a":0,"k":[100,100,100],"ix":6}},"ao":0,"t":{"d":{"k":[{"s":{"s":46,"f":"Montserrat-Regular","t":"Ecología","j":2,"tr":0,"lh":55.2,"ls":0,"fc":[0.102,0.102,0.102]},"t":0}]},"p":{},"m":{"g":1,"a":{"a":0,"k":[0,0],"ix":2}},"a":[{"nm":"Animator 1","s":{"t":0,"xe":{"a":0,"k":50,"ix":7},"ne":{"a":0,"k":50,"ix":8},"a":{"a":0,"k":100,"ix":4},"b":1,"rn":0,"sh":2,"o":{"a":1,"k":[{"i":{"x":[0.667],"y":[1]},"o":{"x":[0.333],"y":[0]},"t":625,"s":[-100]},{"t":685,"s":[100]}],"ix":3},"r":1},"a":{"p":{"a":0,"k":[0,174,0],"ix":2}}}]},"ip":625,"op":685,"st":625,"bm":0},{"ddd":0,"ind":3,"ty":5,"nm":"Tecnología","sr":1,"ks":{"o":{"a":0,"k":100,"ix":11},"r":{"a":0,"k":0,"ix":10},"p":{"a":0,"k":[315.385,142.032,0],"ix":2},"a":{"a":0,"k":[-0.91,-11.073,0],"ix":1},"s":{"a":0,"k":[100,100,100],"ix":6}},"ao":0,"t":{"d":{"k":[{"s":{"s":46,"f":"Montserrat-Regular","t":"Tecnología","j":2,"tr":0,"lh":55.2,"ls":0,"fc":[0.102,0.102,0.102]},"t":0}]},"p":{},"m":{"g":1,"a":{"a":0,"k":[0,0],"ix":2}},"a":[{"nm":"Animator 1","s":{"t":0,"xe":{"a":0,"k":50,"ix":7},"ne":{"a":0,"k":50,"ix":8},"a":{"a":0,"k":100,"ix":4},"b":1,"rn":0,"sh":2,"o":{"a":1,"k":[{"i":{"x":[0.667],"y":[1]},"o":{"x":[0.333],"y":[0]},"t":564,"s":[-100]},{"t":624,"s":[100]}],"ix":3},"r":1},"a":{"p":{"a":0,"k":[0,174,0],"ix":2}}}]},"ip":564,"op":624,"st":564,"bm":0},{"ddd":0,"ind":4,"ty":5,"nm":"Estimulación Temprana ","sr":1,"ks":{"o":{"a":0,"k":100,"ix":11},"r":{"a":0,"k":0,"ix":10},"p":{"a":0,"k":[313.462,142,0],"ix":2},"a":{"a":0,"k":[-0.91,-11.073,0],"ix":1},"s":{"a":0,"k":[100,100,100],"ix":6}},"ao":0,"t":{"d":{"k":[{"s":{"s":46,"f":"Montserrat-Regular","t":"Estimulación Temprana\r","j":2,"tr":0,"lh":55.2,"ls":0,"fc":[0.102,0.102,0.102]},"t":0}]},"p":{},"m":{"g":1,"a":{"a":0,"k":[0,0],"ix":2}},"a":[{"nm":"Animator 1","s":{"t":0,"xe":{"a":0,"k":50,"ix":7},"ne":{"a":0,"k":50,"ix":8},"a":{"a":0,"k":100,"ix":4},"b":1,"rn":0,"sh":2,"o":{"a":1,"k":[{"i":{"x":[0.667],"y":[1]},"o":{"x":[0.333],"y":[0]},"t":480,"s":[-100]},{"t":540,"s":[100]}],"ix":3},"r":1},"a":{"p":{"a":0,"k":[0,174,0],"ix":2}}}]},"ip":480,"op":564,"st":480,"bm":0},{"ddd":0,"ind":5,"ty":5,"nm":"Idiomas","sr":1,"ks":{"o":{"a":0,"k":100,"ix":11},"r":{"a":0,"k":0,"ix":10},"p":{"a":0,"k":[312.577,142,0],"ix":2},"a":{"a":0,"k":[-0.91,-11.073,0],"ix":1},"s":{"a":0,"k":[100,100,100],"ix":6}},"ao":0,"t":{"d":{"k":[{"s":{"s":46,"f":"Montserrat-Regular","t":"Idiomas","j":2,"tr":0,"lh":55.2,"ls":0,"fc":[0.102,0.102,0.102]},"t":0}]},"p":{},"m":{"g":1,"a":{"a":0,"k":[0,0],"ix":2}},"a":[{"nm":"Animator 1","s":{"t":0,"xe":{"a":0,"k":50,"ix":7},"ne":{"a":0,"k":50,"ix":8},"a":{"a":0,"k":100,"ix":4},"b":1,"rn":0,"sh":2,"o":{"a":1,"k":[{"i":{"x":[0.667],"y":[1]},"o":{"x":[0.333],"y":[0]},"t":420,"s":[-100]},{"t":480,"s":[100]}],"ix":3},"r":1},"a":{"p":{"a":0,"k":[0,174,0],"ix":2}}}]},"ip":420,"op":480,"st":420,"bm":0},{"ddd":0,"ind":6,"ty":5,"nm":"Aprendizaje","sr":1,"ks":{"o":{"a":0,"k":100,"ix":11},"r":{"a":0,"k":0,"ix":10},"p":{"a":0,"k":[314.458,142,0],"ix":2},"a":{"a":0,"k":[-0.91,-11.073,0],"ix":1},"s":{"a":0,"k":[100,100,100],"ix":6}},"ao":0,"t":{"d":{"k":[{"s":{"s":46,"f":"Montserrat-Regular","t":"Aprendizaje","j":2,"tr":0,"lh":55.2,"ls":0,"fc":[0.102,0.102,0.102]},"t":0}]},"p":{},"m":{"g":1,"a":{"a":0,"k":[0,0],"ix":2}},"a":[{"nm":"Animator 1","s":{"t":0,"xe":{"a":0,"k":50,"ix":7},"ne":{"a":0,"k":50,"ix":8},"a":{"a":0,"k":100,"ix":4},"b":1,"rn":0,"sh":2,"o":{"a":1,"k":[{"i":{"x":[0.667],"y":[1]},"o":{"x":[0.333],"y":[0]},"t":360,"s":[-100]},{"t":420,"s":[100]}],"ix":3},"r":1},"a":{"p":{"a":0,"k":[0,174,0],"ix":2}}}]},"ip":360,"op":420,"st":360,"bm":0},{"ddd":0,"ind":7,"ty":5,"nm":"Música","sr":1,"ks":{"o":{"a":0,"k":100,"ix":11},"r":{"a":0,"k":0,"ix":10},"p":{"a":0,"k":[313.462,142,0],"ix":2},"a":{"a":0,"k":[-0.91,-11.073,0],"ix":1},"s":{"a":0,"k":[100,100,100],"ix":6}},"ao":0,"t":{"d":{"k":[{"s":{"s":46,"f":"Montserrat-Regular","t":"Música","j":2,"tr":0,"lh":55.2,"ls":0,"fc":[0.102,0.102,0.102]},"t":0}]},"p":{},"m":{"g":1,"a":{"a":0,"k":[0,0],"ix":2}},"a":[{"nm":"Animator 1","s":{"t":0,"xe":{"a":0,"k":50,"ix":7},"ne":{"a":0,"k":50,"ix":8},"a":{"a":0,"k":100,"ix":4},"b":1,"rn":0,"sh":2,"o":{"a":1,"k":[{"i":{"x":[0.667],"y":[1]},"o":{"x":[0.333],"y":[0]},"t":300,"s":[-100]},{"t":360,"s":[100]}],"ix":3},"r":1},"a":{"p":{"a":0,"k":[0,174,0],"ix":2}}}]},"ip":300,"op":360,"st":300,"bm":0},{"ddd":0,"ind":8,"ty":5,"nm":"Artes Escénicas","sr":1,"ks":{"o":{"a":0,"k":100,"ix":11},"r":{"a":0,"k":0,"ix":10},"p":{"a":0,"k":[314.685,142,0],"ix":2},"a":{"a":0,"k":[-0.91,-11.073,0],"ix":1},"s":{"a":0,"k":[100,100,100],"ix":6}},"ao":0,"t":{"d":{"k":[{"s":{"s":46,"f":"Montserrat-Regular","t":"Artes Escénicas","j":2,"tr":0,"lh":55.2,"ls":0,"fc":[0.102,0.102,0.102]},"t":0}]},"p":{},"m":{"g":1,"a":{"a":0,"k":[0,0],"ix":2}},"a":[{"nm":"Animator 1","s":{"t":0,"xe":{"a":0,"k":50,"ix":7},"ne":{"a":0,"k":50,"ix":8},"a":{"a":0,"k":100,"ix":4},"b":1,"rn":0,"sh":2,"o":{"a":1,"k":[{"i":{"x":[0.667],"y":[1]},"o":{"x":[0.333],"y":[0]},"t":240,"s":[-100]},{"t":300,"s":[100]}],"ix":3},"r":1},"a":{"p":{"a":0,"k":[0,174,0],"ix":2}}}]},"ip":240,"op":300,"st":240,"bm":0},{"ddd":0,"ind":9,"ty":5,"nm":"Baile","sr":1,"ks":{"o":{"a":0,"k":100,"ix":11},"r":{"a":0,"k":0,"ix":10},"p":{"a":0,"k":[312.35,142,0],"ix":2},"a":{"a":0,"k":[-0.91,-11.073,0],"ix":1},"s":{"a":0,"k":[100,100,100],"ix":6}},"ao":0,"t":{"d":{"k":[{"s":{"s":46,"f":"Montserrat-Regular","t":"Baile","j":2,"tr":0,"lh":55.2,"ls":0,"fc":[0.102,0.102,0.102]},"t":0}]},"p":{},"m":{"g":1,"a":{"a":0,"k":[0,0],"ix":2}},"a":[{"nm":"Animator 1","s":{"t":0,"xe":{"a":0,"k":50,"ix":7},"ne":{"a":0,"k":50,"ix":8},"a":{"a":0,"k":100,"ix":4},"b":1,"rn":0,"sh":2,"o":{"a":1,"k":[{"i":{"x":[0.667],"y":[1]},"o":{"x":[0.333],"y":[0]},"t":180,"s":[-100]},{"t":240,"s":[100]}],"ix":3},"r":1},"a":{"p":{"a":0,"k":[0,174,0],"ix":2}}}]},"ip":180,"op":240,"st":180,"bm":0},{"ddd":0,"ind":10,"ty":5,"nm":"Artes Plásticas","sr":1,"ks":{"o":{"a":0,"k":100,"ix":11},"r":{"a":0,"k":0,"ix":10},"p":{"a":0,"k":[314.685,142,0],"ix":2},"a":{"a":0,"k":[-0.91,-11.073,0],"ix":1},"s":{"a":0,"k":[100,100,100],"ix":6}},"ao":0,"t":{"d":{"k":[{"s":{"s":46,"f":"Montserrat-Regular","t":"Artes Plásticas","j":2,"tr":0,"lh":55.2,"ls":0,"fc":[0.102,0.102,0.102]},"t":0}]},"p":{},"m":{"g":1,"a":{"a":0,"k":[0,0],"ix":2}},"a":[{"nm":"Animator 1","s":{"t":0,"xe":{"a":0,"k":50,"ix":7},"ne":{"a":0,"k":50,"ix":8},"a":{"a":0,"k":100,"ix":4},"b":1,"rn":0,"sh":2,"o":{"a":1,"k":[{"i":{"x":[0.667],"y":[1]},"o":{"x":[0.333],"y":[0]},"t":120,"s":[-100]},{"t":180,"s":[100]}],"ix":3},"r":1},"a":{"p":{"a":0,"k":[0,174,0],"ix":2}}}]},"ip":120,"op":180,"st":120,"bm":0},{"ddd":0,"ind":11,"ty":5,"nm":"Deportes","sr":1,"ks":{"o":{"a":0,"k":100,"ix":11},"r":{"a":0,"k":0,"ix":10},"p":{"a":0,"k":[312.577,142,0],"ix":2},"a":{"a":0,"k":[-0.91,-11.073,0],"ix":1},"s":{"a":0,"k":[100,100,100],"ix":6}},"ao":0,"t":{"d":{"k":[{"s":{"s":46,"f":"Montserrat-Regular","t":"Deportes","j":2,"tr":0,"lh":55.2,"ls":0,"fc":[0.102,0.102,0.102]},"t":0}]},"p":{},"m":{"g":1,"a":{"a":0,"k":[0,0],"ix":2}},"a":[{"nm":"Animator 1","s":{"t":0,"xe":{"a":0,"k":50,"ix":7},"ne":{"a":0,"k":50,"ix":8},"a":{"a":0,"k":100,"ix":4},"b":1,"rn":0,"sh":2,"o":{"a":1,"k":[{"i":{"x":[0.667],"y":[1]},"o":{"x":[0.333],"y":[0]},"t":60,"s":[-100]},{"t":120,"s":[100]}],"ix":3},"r":1},"a":{"p":{"a":0,"k":[0,174,0],"ix":2}}}]},"ip":60,"op":120,"st":60,"bm":0},{"ddd":0,"ind":12,"ty":5,"nm":"Repostería","sr":1,"ks":{"o":{"a":0,"k":100,"ix":11},"r":{"a":0,"k":0,"ix":10},"p":{"a":0,"k":[313.462,142,0],"ix":2},"a":{"a":0,"k":[-0.91,-11.073,0],"ix":1},"s":{"a":0,"k":[100,100,100],"ix":6}},"ao":0,"t":{"d":{"k":[{"s":{"s":46,"f":"Montserrat-Regular","t":"Repostería","j":2,"tr":0,"lh":55.2,"ls":0,"fc":[0.102,0.102,0.102]},"t":0}]},"p":{},"m":{"g":1,"a":{"a":0,"k":[0,0],"ix":2}},"a":[{"nm":"Animator 1","s":{"t":0,"xe":{"a":0,"k":50,"ix":7},"ne":{"a":0,"k":50,"ix":8},"a":{"a":0,"k":100,"ix":4},"b":1,"rn":0,"sh":2,"o":{"a":1,"k":[{"i":{"x":[0.667],"y":[1]},"o":{"x":[0.333],"y":[0]},"t":0,"s":[-100]},{"t":60,"s":[100]}],"ix":3},"r":1},"a":{"p":{"a":0,"k":[0,174,0],"ix":2}}}]},"ip":0,"op":60,"st":0,"bm":0},{"ddd":0,"ind":13,"ty":5,"nm":"Inscríbelo en su siguiente clase de:","sr":1,"ks":{"o":{"a":0,"k":100,"ix":11},"r":{"a":0,"k":0,"ix":10},"p":{"a":0,"k":[314.191,57.493,0],"ix":2},"a":{"a":0,"k":[-0.301,11.469,0],"ix":1},"s":{"a":0,"k":[100,100,100],"ix":6}},"ao":0,"t":{"d":{"k":[{"s":{"s":37,"f":"Montserrat-Black","t":"Inscríbelo en su\rsiguiente clase de:","j":2,"tr":0,"lh":44.4000015258789,"ls":0,"fc":[0.11,0.427,0.714]},"t":0}]},"p":{},"m":{"g":1,"a":{"a":0,"k":[0,0],"ix":2}},"a":[]},"ip":0,"op":743,"st":0,"bm":0}],"markers":[],"chars":[{"ch":"I","size":37,"style":"Black","w":33.2,"data":{"shapes":[{"ty":"gr","it":[{"ind":0,"ty":"sh","ix":1,"ks":{"a":0,"k":{"i":[[0,0],[0,0],[0,0],[0,0]],"o":[[0,0],[0,0],[0,0],[0,0]],"v":[[28.4,0],[28.4,-70.596],[5.035,-70.596],[5.035,0]],"c":true},"ix":2},"nm":"I","mn":"ADBE Vector Shape - Group","hd":false}],"nm":"I","np":3,"cix":2,"bm":0,"ix":1,"mn":"ADBE Vector Group","hd":false}]},"fFamily":"Montserrat"},{"ch":"n","size":37,"style":"Black","w":68.2,"data":{"shapes":[{"ty":"gr","it":[{"ind":0,"ty":"sh","ix":1,"ks":{"a":0,"k":{"i":[[11.581,0],[3.726,-5.64],[0,0],[0,0],[0,0],[0,0],[0,0],[-4.431,0],[0,-4.633],[0,0],[0,0],[0,0]],"o":[[-7.251,0],[0,0],[0,0],[0,0],[0,0],[0,0],[0,-5.338],[3.928,0],[0,0],[0,0],[0,0],[0,-12.689]],"v":[[44.916,-56.094],[28.198,-47.232],[28.198,-55.087],[5.539,-55.087],[5.539,0],[28.198,0],[28.198,-27.292],[35.449,-36.154],[41.995,-28.601],[41.995,0],[64.655,0],[64.655,-35.147]],"c":true},"ix":2},"nm":"n","mn":"ADBE Vector Shape - Group","hd":false}],"nm":"n","np":3,"cix":2,"bm":0,"ix":1,"mn":"ADBE Vector Group","hd":false}]},"fFamily":"Montserrat"},{"ch":"s","size":37,"style":"Black","w":55.2,"data":{"shapes":[{"ty":"gr","it":[{"ind":0,"ty":"sh","ix":1,"ks":{"a":0,"k":{"i":[[8.762,0],[0,-11.581],[0,-4.834],[2.115,0],[7.352,4.532],[0,0],[-10.172,0],[0,11.38],[0,5.136],[-1.913,0],[-8.157,-4.028],[0,0]],"o":[[-14.703,0],[0,18.631],[0,1.007],[-6.143,0],[0,0],[7.654,5.237],[15.207,0],[0,-18.53],[0,-1.108],[4.23,0],[0,0],[-8.258,-4.633]],"v":[[28.098,-56.094],[3.827,-37.061],[31.824,-15.71],[28.4,-14.099],[8.057,-20.947],[1.208,-6.848],[28.098,1.007],[53.073,-17.725],[24.472,-39.377],[27.594,-41.19],[46.225,-35.147],[53.677,-49.146]],"c":true},"ix":2},"nm":"s","mn":"ADBE Vector Shape - Group","hd":false}],"nm":"s","np":3,"cix":2,"bm":0,"ix":1,"mn":"ADBE Vector Group","hd":false}]},"fFamily":"Montserrat"},{"ch":"c","size":37,"style":"Black","w":55.1,"data":{"shapes":[{"ty":"gr","it":[{"ind":0,"ty":"sh","ix":1,"ks":{"a":0,"k":{"i":[[11.984,0],[0,-17.322],[-17.523,0],[-4.028,9.769],[0,0],[3.223,0],[0,6.244],[-4.431,0],[-1.41,-3.323],[0,0]],"o":[[-17.624,0],[0,17.02],[12.589,0],[0,0],[-1.208,4.129],[-4.431,0],[0,-6.143],[3.223,0],[0,0],[-4.532,-10.071]],"v":[[30.615,-55.893],[1.511,-27.292],[30.414,0.806],[56.699,-14.603],[38.37,-23.062],[31.622,-17.12],[24.371,-27.393],[31.622,-37.564],[38.672,-32.327],[56.699,-39.981]],"c":true},"ix":2},"nm":"c","mn":"ADBE Vector Shape - Group","hd":false}],"nm":"c","np":3,"cix":2,"bm":0,"ix":1,"mn":"ADBE Vector Group","hd":false}]},"fFamily":"Montserrat"},{"ch":"r","size":37,"style":"Black","w":45.7,"data":{"shapes":[{"ty":"gr","it":[{"ind":0,"ty":"sh","ix":1,"ks":{"a":0,"k":{"i":[[0,0],[0,0],[0,0],[0,0],[0,0],[-10.172,-1.511],[0,0],[3.827,-5.74]],"o":[[0,0],[0,0],[0,0],[0,0],[0,-7.251],[0,0],[-7.15,0],[0,0]],"v":[[28.198,-55.087],[5.539,-55.087],[5.539,0],[28.198,0],[28.198,-26.285],[45.016,-35.651],[45.016,-56.094],[28.198,-47.031]],"c":true},"ix":2},"nm":"r","mn":"ADBE Vector Shape - Group","hd":false}],"nm":"r","np":3,"cix":2,"bm":0,"ix":1,"mn":"ADBE Vector Group","hd":false}]},"fFamily":"Montserrat"},{"ch":"í","size":37,"style":"Black","w":33.5,"data":{"shapes":[{"ty":"gr","it":[{"ind":0,"ty":"sh","ix":1,"ks":{"a":0,"k":{"i":[[0,0],[0,0],[0,0],[0,0]],"o":[[0,0],[0,0],[0,0],[0,0]],"v":[[36.255,-72.51],[17.12,-78.552],[6.345,-59.518],[22.458,-59.518]],"c":true},"ix":2},"nm":"í","mn":"ADBE Vector Shape - Group","hd":false},{"ind":1,"ty":"sh","ix":2,"ks":{"a":0,"k":{"i":[[0,0],[0,0],[0,0],[0,0]],"o":[[0,0],[0,0],[0,0],[0,0]],"v":[[28.198,0],[28.198,-55.087],[5.539,-55.087],[5.539,0]],"c":true},"ix":2},"nm":"í","mn":"ADBE Vector Shape - Group","hd":false}],"nm":"í","np":5,"cix":2,"bm":0,"ix":1,"mn":"ADBE Vector Group","hd":false}]},"fFamily":"Montserrat"},{"ch":"b","size":37,"style":"Black","w":69,"data":{"shapes":[{"ty":"gr","it":[{"ind":0,"ty":"sh","ix":1,"ks":{"a":0,"k":{"i":[[15.308,0],[3.525,-4.129],[0,0],[0,0],[0,0],[0,0],[0,0],[-5.942,0],[0,17.02]],"o":[[-5.64,0],[0,0],[0,0],[0,0],[0,0],[0,0],[3.625,4.129],[15.005,0],[0,-17.422]],"v":[[42.7,-55.893],[28.702,-49.548],[28.702,-74.725],[6.042,-74.725],[6.042,0],[28.702,0],[28.702,-5.64],[43.304,0.806],[67.978,-27.191]],"c":true},"ix":2},"nm":"b","mn":"ADBE Vector Shape - Group","hd":false},{"ind":1,"ty":"sh","ix":2,"ks":{"a":0,"k":{"i":[[5.035,0],[0,6.445],[-4.935,0],[0,-6.445]],"o":[[-4.935,0],[0,-6.445],[5.035,0],[0,6.445]],"v":[[36.859,-17.12],[28.702,-27.795],[36.859,-38.47],[45.117,-27.795]],"c":true},"ix":2},"nm":"b","mn":"ADBE Vector Shape - Group","hd":false}],"nm":"b","np":5,"cix":2,"bm":0,"ix":1,"mn":"ADBE Vector Group","hd":false}]},"fFamily":"Montserrat"},{"ch":"e","size":37,"style":"Black","w":61.4,"data":{"shapes":[{"ty":"gr","it":[{"ind":0,"ty":"sh","ix":1,"ks":{"a":0,"k":{"i":[[19.235,0],[0,-17.422],[-18.832,0],[-5.841,6.445],[0,0],[3.827,0],[1.511,4.33],[0,0]],"o":[[-17.725,0],[0,17.02],[10.675,0],[0,0],[-3.424,3.223],[-4.431,0],[0,0],[1.208,-20.343]],"v":[[30.917,-55.893],[1.511,-27.292],[31.522,0.806],[56.497,-9.265],[44.714,-20.847],[33.536,-15.912],[24.371,-22.458],[60.223,-22.458]],"c":true},"ix":2},"nm":"e","mn":"ADBE Vector Shape - Group","hd":false},{"ind":1,"ty":"sh","ix":2,"ks":{"a":0,"k":{"i":[[0,0],[-3.928,0],[0.302,-4.532]],"o":[[0.906,-4.633],[3.928,0],[0,0]],"v":[[23.868,-32.932],[31.119,-40.787],[37.564,-32.932]],"c":true},"ix":2},"nm":"e","mn":"ADBE Vector Shape - Group","hd":false}],"nm":"e","np":5,"cix":2,"bm":0,"ix":1,"mn":"ADBE Vector Group","hd":false}]},"fFamily":"Montserrat"},{"ch":"l","size":37,"style":"Black","w":34.5,"data":{"shapes":[{"ty":"gr","it":[{"ind":0,"ty":"sh","ix":1,"ks":{"a":0,"k":{"i":[[0,0],[0,0],[0,0],[0,0]],"o":[[0,0],[0,0],[0,0],[0,0]],"v":[[28.702,0],[28.702,-74.725],[6.042,-74.725],[6.042,0]],"c":true},"ix":2},"nm":"l","mn":"ADBE Vector Shape - Group","hd":false}],"nm":"l","np":3,"cix":2,"bm":0,"ix":1,"mn":"ADBE Vector Group","hd":false}]},"fFamily":"Montserrat"},{"ch":"o","size":37,"style":"Black","w":64.8,"data":{"shapes":[{"ty":"gr","it":[{"ind":0,"ty":"sh","ix":1,"ks":{"a":0,"k":{"i":[[18.933,0],[0,-17.221],[-18.933,0],[0,17.221]],"o":[[-18.933,0],[0,17.221],[18.933,0],[0,-17.221]],"v":[[32.629,-55.893],[1.511,-27.594],[32.629,0.806],[63.748,-27.594]],"c":true},"ix":2},"nm":"o","mn":"ADBE Vector Shape - Group","hd":false},{"ind":1,"ty":"sh","ix":2,"ks":{"a":0,"k":{"i":[[-5.035,0],[0,-6.445],[5.035,0],[0,6.445]],"o":[[5.035,0],[0,6.445],[-5.035,0],[0,-6.445]],"v":[[32.629,-37.967],[40.887,-27.292],[32.629,-16.617],[24.371,-27.292]],"c":true},"ix":2},"nm":"o","mn":"ADBE Vector Shape - Group","hd":false}],"nm":"o","np":5,"cix":2,"bm":0,"ix":1,"mn":"ADBE Vector Group","hd":false}]},"fFamily":"Montserrat"},{"ch":" ","size":37,"style":"Black","w":20.9,"data":{},"fFamily":"Montserrat"},{"ch":"u","size":37,"style":"Black","w":67.2,"data":{"shapes":[{"ty":"gr","it":[{"ind":0,"ty":"sh","ix":1,"ks":{"a":0,"k":{"i":[[0,0],[0,0],[0,0],[4.129,0],[0,4.633],[0,0],[0,0],[0,0],[-11.279,0],[-3.625,5.539],[0,0],[0,0]],"o":[[0,0],[0,0],[0,5.338],[-3.625,0],[0,0],[0,0],[0,0],[0,12.689],[7.05,0],[0,0],[0,0],[0,0]],"v":[[62.137,-55.087],[39.478,-55.087],[39.478,-27.795],[32.73,-18.933],[26.688,-26.486],[26.688,-55.087],[4.028,-55.087],[4.028,-19.94],[23.264,1.007],[39.478,-7.654],[39.478,0],[62.137,0]],"c":true},"ix":2},"nm":"u","mn":"ADBE Vector Shape - Group","hd":false}],"nm":"u","np":3,"cix":2,"bm":0,"ix":1,"mn":"ADBE Vector Group","hd":false}]},"fFamily":"Montserrat"},{"ch":"\r","size":37,"style":"Black","w":0,"fFamily":"Montserrat"},{"ch":"i","size":37,"style":"Black","w":33.5,"data":{"shapes":[{"ty":"gr","it":[{"ind":0,"ty":"sh","ix":1,"ks":{"a":0,"k":{"i":[[6.747,0],[0,-6.747],[-6.747,0],[0,6.747]],"o":[[-6.747,0],[0,6.747],[6.747,0],[0,-6.747]],"v":[[16.919,-82.278],[5.438,-70.798],[16.919,-59.317],[28.4,-70.798]],"c":true},"ix":2},"nm":"i","mn":"ADBE Vector Shape - Group","hd":false},{"ind":1,"ty":"sh","ix":2,"ks":{"a":0,"k":{"i":[[0,0],[0,0],[0,0],[0,0]],"o":[[0,0],[0,0],[0,0],[0,0]],"v":[[28.198,0],[28.198,-55.087],[5.539,-55.087],[5.539,0]],"c":true},"ix":2},"nm":"i","mn":"ADBE Vector Shape - Group","hd":false}],"nm":"i","np":5,"cix":2,"bm":0,"ix":1,"mn":"ADBE Vector Group","hd":false}]},"fFamily":"Montserrat"},{"ch":"g","size":37,"style":"Black","w":65.4,"data":{"shapes":[{"ty":"gr","it":[{"ind":0,"ty":"sh","ix":1,"ks":{"a":0,"k":{"i":[[0,0],[0,0],[0,0],[5.942,0],[0,-15.811],[-12.991,0],[-3.323,3.726],[0,0],[6.647,0],[4.834,3.021],[0,0],[-10.574,0],[0,15.308]],"o":[[0,0],[0,0],[-3.424,-3.827],[-12.991,0],[0,16.214],[5.74,0],[0,0],[0,4.23],[-5.338,0],[0,0],[5.74,3.827],[18.228,0],[0,0]],"v":[[60.526,-55.087],[37.967,-55.087],[37.967,-49.951],[23.767,-55.893],[1.511,-29.91],[24.17,-3.323],[37.967,-9.164],[37.967,-3.928],[27.695,3.021],[10.876,-1.813],[3.726,13.394],[29.709,20.544],[60.526,-4.532]],"c":true},"ix":2},"nm":"g","mn":"ADBE Vector Shape - Group","hd":false},{"ind":1,"ty":"sh","ix":2,"ks":{"a":0,"k":{"i":[[4.633,0],[0,5.942],[-4.633,0],[0,-6.042]],"o":[[-4.633,0],[0,-6.042],[4.633,0],[0,5.942]],"v":[[30.313,-19.437],[22.659,-29.306],[30.313,-39.276],[37.967,-29.306]],"c":true},"ix":2},"nm":"g","mn":"ADBE Vector Shape - Group","hd":false}],"nm":"g","np":5,"cix":2,"bm":0,"ix":1,"mn":"ADBE Vector Group","hd":false}]},"fFamily":"Montserrat"},{"ch":"t","size":37,"style":"Black","w":46,"data":{"shapes":[{"ty":"gr","it":[{"ind":0,"ty":"sh","ix":1,"ks":{"a":0,"k":{"i":[[0,0],[1.309,0],[0,2.921],[0,0],[0,0],[0,0],[0,0],[0,0],[0,0],[0,0],[0,0],[0,0],[0,0],[0,0],[-12.589,0.101],[-3.625,2.115]],"o":[[-2.115,0.806],[-2.719,0.101],[0,0],[0,0],[0,0],[0,0],[0,0],[0,0],[0,0],[0,0],[0,0],[0,0],[0,0],[0,11.481],[5.841,0],[0,0]],"v":[[40.988,-17.926],[35.349,-16.516],[30.917,-21.149],[30.917,-37.766],[43.808,-37.766],[43.808,-52.066],[30.917,-52.066],[30.917,-67.474],[8.359,-67.474],[8.359,-52.066],[0.806,-52.066],[0.806,-37.766],[8.359,-37.766],[8.359,-17.725],[29.105,1.007],[44.815,-2.417]],"c":true},"ix":2},"nm":"t","mn":"ADBE Vector Shape - Group","hd":false}],"nm":"t","np":3,"cix":2,"bm":0,"ix":1,"mn":"ADBE Vector Group","hd":false}]},"fFamily":"Montserrat"},{"ch":"a","size":37,"style":"Black","w":61.3,"data":{"shapes":[{"ty":"gr","it":[{"ind":0,"ty":"sh","ix":1,"ks":{"a":0,"k":{"i":[[15.912,0],[9.366,-3.424],[0,0],[-4.129,0],[-0.101,-3.827],[0,0],[0,-10.876],[-11.682,0],[-3.223,4.431],[0,0],[0,0],[0,0]],"o":[[-8.157,0],[0,0],[6.244,-2.316],[5.539,0],[0,0],[-13.998,0.201],[0,10.474],[7.05,0],[0,0],[0,0],[0,0],[0,-12.991]],"v":[[32.327,-56.094],[5.136,-50.757],[10.172,-35.651],[26.889,-39.175],[35.449,-33.133],[22.861,-33.133],[1.511,-16.315],[19.94,1.007],[35.449,-5.942],[35.449,0],[57.706,0],[57.706,-35.651]],"c":true},"ix":2},"nm":"a","mn":"ADBE Vector Shape - Group","hd":false},{"ind":1,"ty":"sh","ix":2,"ks":{"a":0,"k":{"i":[[2.921,0],[0,3.021],[-3.122,0],[0,0],[0,0]],"o":[[-3.223,0],[0,-2.921],[0,0],[0,0],[-1.813,2.719]],"v":[[27.795,-13.394],[22.76,-18.228],[27.594,-22.659],[35.449,-22.659],[35.449,-17.624]],"c":true},"ix":2},"nm":"a","mn":"ADBE Vector Shape - Group","hd":false}],"nm":"a","np":5,"cix":2,"bm":0,"ix":1,"mn":"ADBE Vector Group","hd":false}]},"fFamily":"Montserrat"},{"ch":"d","size":37,"style":"Black","w":69,"data":{"shapes":[{"ty":"gr","it":[{"ind":0,"ty":"sh","ix":1,"ks":{"a":0,"k":{"i":[[0,0],[0,0],[0,0],[5.942,0],[0,-17.02],[-15.308,0],[-3.525,4.129],[0,0],[0,0]],"o":[[0,0],[0,0],[-3.625,-4.129],[-15.005,0],[0,17.422],[5.64,0],[0,0],[0,0],[0,0]],"v":[[63.446,-74.725],[40.787,-74.725],[40.787,-49.448],[26.184,-55.893],[1.511,-27.896],[26.788,0.806],[40.787,-5.539],[40.787,0],[63.446,0]],"c":true},"ix":2},"nm":"d","mn":"ADBE Vector Shape - Group","hd":false},{"ind":1,"ty":"sh","ix":2,"ks":{"a":0,"k":{"i":[[4.935,0],[0,6.445],[-5.035,0],[0,-6.445]],"o":[[-5.035,0],[0,-6.445],[4.935,0],[0,6.445]],"v":[[32.629,-16.617],[24.371,-27.292],[32.629,-37.967],[40.787,-27.292]],"c":true},"ix":2},"nm":"d","mn":"ADBE Vector Shape - Group","hd":false}],"nm":"d","np":5,"cix":2,"bm":0,"ix":1,"mn":"ADBE Vector Group","hd":false}]},"fFamily":"Montserrat"},{"ch":":","size":37,"style":"Black","w":26.5,"data":{"shapes":[{"ty":"gr","it":[{"ind":0,"ty":"sh","ix":1,"ks":{"a":0,"k":{"i":[[6.143,0],[0,-6.042],[-6.042,0],[0,6.143]],"o":[[-6.042,0],[0,6.143],[6.143,0],[0,-6.042]],"v":[[13.293,-49.75],[3.021,-39.478],[13.293,-29.105],[23.666,-39.478]],"c":true},"ix":2},"nm":":","mn":"ADBE Vector Shape - Group","hd":false},{"ind":1,"ty":"sh","ix":2,"ks":{"a":0,"k":{"i":[[6.143,0],[0,-6.042],[-6.042,0],[0,6.143]],"o":[[-6.042,0],[0,6.143],[6.143,0],[0,-6.042]],"v":[[13.293,-19.839],[3.021,-9.567],[13.293,0.806],[23.666,-9.567]],"c":true},"ix":2},"nm":":","mn":"ADBE Vector Shape - Group","hd":false}],"nm":":","np":5,"cix":2,"bm":0,"ix":1,"mn":"ADBE Vector Group","hd":false}]},"fFamily":"Montserrat"},{"ch":"R","size":46,"style":"Regular","w":72.3,"data":{"shapes":[{"ty":"gr","it":[{"ind":0,"ty":"sh","ix":1,"ks":{"a":0,"k":{"i":[[0,0],[0,0],[0,0],[0,11.279],[18.027,0],[0,0],[0,0],[0,0],[0,0],[0,0],[-1.007,0.101]],"o":[[0,0],[0,0],[9.366,-3.625],[0,-15.308],[0,0],[0,0],[0,0],[0,0],[0,0],[1.108,0],[0,0]],"v":[[53.979,0],[67.474,0],[51.663,-23.566],[66.266,-46.426],[37.866,-70.496],[9.265,-70.496],[9.265,0],[21.149,0],[21.149,-21.249],[37.866,-21.249],[41.089,-21.35]],"c":true},"ix":2},"nm":"R","mn":"ADBE Vector Shape - Group","hd":false},{"ind":1,"ty":"sh","ix":2,"ks":{"a":0,"k":{"i":[[0,0],[0,0],[0,0],[0,-9.265],[10.876,0]],"o":[[0,0],[0,0],[10.876,0],[0,9.567],[0,0]],"v":[[21.149,-31.924],[21.149,-59.821],[37.866,-59.821],[54.987,-46.124],[37.866,-31.924]],"c":true},"ix":2},"nm":"R","mn":"ADBE Vector Shape - Group","hd":false}],"nm":"R","np":5,"cix":2,"bm":0,"ix":1,"mn":"ADBE Vector Group","hd":false}]},"fFamily":"Montserrat"},{"ch":"e","size":46,"style":"Regular","w":58.8,"data":{"shapes":[{"ty":"gr","it":[{"ind":0,"ty":"sh","ix":1,"ks":{"a":0,"k":{"i":[[18.832,0],[0,-16.214],[-16.516,0],[-5.237,5.74],[0,0],[5.841,0],[1.813,8.258],[0,0]],"o":[[-15.912,0.101],[0,16.113],[9.265,0],[0,0],[-3.928,4.028],[-8.459,0],[0,0],[1.41,-19.336]],"v":[[30.615,-53.979],[3.525,-26.688],[30.917,0.403],[53.073,-8.661],[46.93,-15.207],[31.824,-8.963],[15.207,-22.357],[55.692,-22.357]],"c":true},"ix":2},"nm":"e","mn":"ADBE Vector Shape - Group","hd":false},{"ind":1,"ty":"sh","ix":2,"ks":{"a":0,"k":{"i":[[0,0],[-8.459,0],[-0.403,-8.661]],"o":[[1.309,-8.56],[8.762,0],[0,0]],"v":[[15.005,-30.817],[30.716,-44.714],[45.621,-30.817]],"c":true},"ix":2},"nm":"e","mn":"ADBE Vector Shape - Group","hd":false}],"nm":"e","np":5,"cix":2,"bm":0,"ix":1,"mn":"ADBE Vector Group","hd":false}]},"fFamily":"Montserrat"},{"ch":"p","size":46,"style":"Regular","w":68,"data":{"shapes":[{"ty":"gr","it":[{"ind":0,"ty":"sh","ix":1,"ks":{"a":0,"k":{"i":[[15.207,0],[3.928,-6.244],[0,0],[0,0],[0,0],[0,0],[0,0],[-8.56,0],[0,16.013]],"o":[[-8.359,0],[0,0],[0,0],[0,0],[0,0],[0,0],[3.928,6.244],[15.308,0],[0,-16.315]],"v":[[39.377,-53.979],[20.645,-44.312],[20.645,-53.577],[9.064,-53.577],[9.064,19.537],[20.645,19.537],[20.645,-9.265],[39.578,0.403],[64.957,-26.587]],"c":true},"ix":2},"nm":"p","mn":"ADBE Vector Shape - Group","hd":false},{"ind":1,"ty":"sh","ix":2,"ks":{"a":0,"k":{"i":[[9.567,0],[0,10.373],[-9.567,0],[0,-9.97]],"o":[[-9.567,0],[0,-10.071],[9.567,0],[0,10.272]],"v":[[36.96,-9.467],[20.645,-26.99],[36.96,-44.312],[53.275,-26.99]],"c":true},"ix":2},"nm":"p","mn":"ADBE Vector Shape - Group","hd":false}],"nm":"p","np":5,"cix":2,"bm":0,"ix":1,"mn":"ADBE Vector Group","hd":false}]},"fFamily":"Montserrat"},{"ch":"o","size":46,"style":"Regular","w":62.5,"data":{"shapes":[{"ty":"gr","it":[{"ind":0,"ty":"sh","ix":1,"ks":{"a":0,"k":{"i":[[16.516,0],[0,-16.214],[-16.617,0],[0,16.113]],"o":[[-16.617,0],[0,16.113],[16.516,0],[0,-16.214]],"v":[[31.522,-53.979],[3.525,-26.788],[31.522,0.403],[59.418,-26.788]],"c":true},"ix":2},"nm":"o","mn":"ADBE Vector Shape - Group","hd":false},{"ind":1,"ty":"sh","ix":2,"ks":{"a":0,"k":{"i":[[-9.668,0],[0,-10.272],[9.567,0],[0,10.373]],"o":[[9.567,0],[0,10.373],[-9.668,0],[0,-10.272]],"v":[[31.522,-44.009],[47.836,-26.688],[31.522,-9.265],[15.106,-26.688]],"c":true},"ix":2},"nm":"o","mn":"ADBE Vector Shape - Group","hd":false}],"nm":"o","np":5,"cix":2,"bm":0,"ix":1,"mn":"ADBE Vector Group","hd":false}]},"fFamily":"Montserrat"},{"ch":"s","size":46,"style":"Regular","w":47,"data":{"shapes":[{"ty":"gr","it":[{"ind":0,"ty":"sh","ix":1,"ks":{"a":0,"k":{"i":[[6.747,0],[0,-10.876],[0,-10.977],[4.935,0],[4.633,4.129],[0,0],[-7.855,0],[0,10.977],[0,9.869],[-4.532,0],[-4.733,-2.921],[0,0]],"o":[[-10.272,0],[-0.101,19.336],[0,4.028],[-5.841,0],[0,0],[5.338,4.834],[10.776,0],[0.101,-19.437],[0,-3.827],[4.733,0],[0,0],[-4.834,-3.424]],"v":[[24.573,-54.08],[4.834,-38.571],[32.932,-14.401],[24.17,-8.661],[6.244,-15.308],[2.115,-7.05],[23.666,0.403],[44.211,-15.509],[15.811,-39.478],[23.666,-44.815],[39.075,-40.082],[43.304,-48.642]],"c":true},"ix":2},"nm":"s","mn":"ADBE Vector Shape - Group","hd":false}],"nm":"s","np":3,"cix":2,"bm":0,"ix":1,"mn":"ADBE Vector Group","hd":false}]},"fFamily":"Montserrat"},{"ch":"t","size":46,"style":"Regular","w":40.7,"data":{"shapes":[{"ty":"gr","it":[{"ind":0,"ty":"sh","ix":1,"ks":{"a":0,"k":{"i":[[0,0],[2.417,0],[0,5.539],[0,0],[0,0],[0,0],[0,0],[0,0],[0,0],[0,0],[0,0],[0,0],[0,0],[0,0],[-8.057,0],[-4.23,2.518]],"o":[[-3.122,1.511],[-3.625,0],[0,0],[0,0],[0,0],[0,0],[0,0],[0,0],[0,0],[0,0],[0,0],[0,0],[0,0],[0,10.977],[4.532,0],[0,0]],"v":[[35.953,-12.286],[27.896,-9.97],[22.156,-17.221],[22.156,-42.902],[37.967,-42.902],[37.967,-51.562],[22.156,-51.562],[22.156,-66.266],[10.675,-66.266],[10.675,-51.562],[3.122,-51.562],[3.122,-42.902],[10.675,-42.902],[10.675,-15.106],[25.681,0.504],[38.873,-3.424]],"c":true},"ix":2},"nm":"t","mn":"ADBE Vector Shape - Group","hd":false}],"nm":"t","np":3,"cix":2,"bm":0,"ix":1,"mn":"ADBE Vector Group","hd":false}]},"fFamily":"Montserrat"},{"ch":"r","size":46,"style":"Regular","w":39.4,"data":{"shapes":[{"ty":"gr","it":[{"ind":0,"ty":"sh","ix":1,"ks":{"a":0,"k":{"i":[[0,0],[0,0],[0,0],[0,0],[0,0],[-10.776,-0.604],[0,0],[3.625,-7.251]],"o":[[0,0],[0,0],[0,0],[0,0],[0.906,-9.164],[0,0],[-8.459,0],[0,0]],"v":[[20.142,-53.577],[8.56,-53.577],[8.56,0],[20.142,0],[20.142,-27.997],[38.672,-42.902],[38.672,-53.979],[20.142,-42.902]],"c":true},"ix":2},"nm":"r","mn":"ADBE Vector Shape - Group","hd":false}],"nm":"r","np":3,"cix":2,"bm":0,"ix":1,"mn":"ADBE Vector Group","hd":false}]},"fFamily":"Montserrat"},{"ch":"í","size":46,"style":"Regular","w":28.4,"data":{"shapes":[{"ty":"gr","it":[{"ind":0,"ty":"sh","ix":1,"ks":{"a":0,"k":{"i":[[0,0],[0,0],[0,0],[0,0]],"o":[[0,0],[0,0],[0,0],[0,0]],"v":[[30.112,-71.1],[18.228,-76.135],[7.553,-61.23],[17.825,-61.23]],"c":true},"ix":2},"nm":"í","mn":"ADBE Vector Shape - Group","hd":false},{"ind":1,"ty":"sh","ix":2,"ks":{"a":0,"k":{"i":[[0,0],[0,0],[0,0],[0,0]],"o":[[0,0],[0,0],[0,0],[0,0]],"v":[[20.041,0],[20.041,-53.577],[8.56,-53.577],[8.56,0]],"c":true},"ix":2},"nm":"í","mn":"ADBE Vector Shape - Group","hd":false}],"nm":"í","np":5,"cix":2,"bm":0,"ix":1,"mn":"ADBE Vector Group","hd":false}]},"fFamily":"Montserrat"},{"ch":"a","size":46,"style":"Regular","w":58.6,"data":{"shapes":[{"ty":"gr","it":[{"ind":0,"ty":"sh","ix":1,"ks":{"a":0,"k":{"i":[[0,0],[0,0],[0,0],[13.797,0],[7.452,-4.431],[0,0],[-5.136,0],[0,-6.747],[0,0],[0,0],[0,-9.769],[-11.581,0],[-3.827,4.733]],"o":[[0,0],[0,0],[-0.101,-11.783],[-10.172,0],[0,0],[5.338,-3.625],[8.459,0],[0,0],[0,0],[-12.891,0.101],[0,9.467],[7.755,0],[0,0]],"v":[[40.686,0],[52.066,0],[51.965,-35.147],[30.313,-53.979],[7.251,-47.232],[11.984,-39.175],[27.795,-44.614],[40.585,-33.838],[40.585,-32.227],[24.371,-32.227],[4.129,-16.113],[22.961,0.504],[40.686,-6.546]],"c":true},"ix":2},"nm":"a","mn":"ADBE Vector Shape - Group","hd":false},{"ind":1,"ty":"sh","ix":2,"ks":{"a":0,"k":{"i":[[8.258,0],[0,4.834],[-7.553,0],[0,0],[0,0]],"o":[[-6.445,0],[0,-5.136],[0,0],[0,0],[-0.604,5.841]],"v":[[25.378,-8.661],[15.005,-16.617],[26.083,-23.767],[40.585,-23.767],[40.585,-18.832]],"c":true},"ix":2},"nm":"a","mn":"ADBE Vector Shape - Group","hd":false}],"nm":"a","np":5,"cix":2,"bm":0,"ix":1,"mn":"ADBE Vector Group","hd":false}]},"fFamily":"Montserrat"},{"ch":"D","size":46,"style":"Regular","w":77.5,"data":{"shapes":[{"ty":"gr","it":[{"ind":0,"ty":"sh","ix":1,"ks":{"a":0,"k":{"i":[[0,0],[0,0],[0,0],[0,20.343],[21.149,0]],"o":[[0,0],[0,0],[21.35,0],[0,-20.444],[0,0]],"v":[[9.265,-70.496],[9.265,0],[37.866,0],[74.625,-35.248],[38.168,-70.496]],"c":true},"ix":2},"nm":"D","mn":"ADBE Vector Shape - Group","hd":false},{"ind":1,"ty":"sh","ix":2,"ks":{"a":0,"k":{"i":[[0,0],[0,0],[0,-14.401],[13.696,0],[0,0]],"o":[[0,0],[13.898,0],[0,14.301],[0,0],[0,0]],"v":[[21.149,-59.821],[37.967,-59.821],[62.64,-35.147],[38.47,-10.675],[21.149,-10.675]],"c":true},"ix":2},"nm":"D","mn":"ADBE Vector Shape - Group","hd":false}],"nm":"D","np":5,"cix":2,"bm":0,"ix":1,"mn":"ADBE Vector Group","hd":false}]},"fFamily":"Montserrat"},{"ch":"A","size":46,"style":"Regular","w":73.8,"data":{"shapes":[{"ty":"gr","it":[{"ind":0,"ty":"sh","ix":1,"ks":{"a":0,"k":{"i":[[0,0],[0,0],[0,0],[0,0],[0,0],[0,0],[0,0],[0,0]],"o":[[0,0],[0,0],[0,0],[0,0],[0,0],[0,0],[0,0],[0,0]],"v":[[54.785,-15.912],[61.533,0],[74.222,0],[43.405,-70.496],[31.219,-70.496],[0.101,0],[12.488,0],[19.235,-15.912]],"c":true},"ix":2},"nm":"A","mn":"ADBE Vector Shape - Group","hd":false},{"ind":1,"ty":"sh","ix":2,"ks":{"a":0,"k":{"i":[[0,0],[0,0],[0,0]],"o":[[0,0],[0,0],[0,0]],"v":[[50.253,-26.486],[23.666,-26.486],[36.96,-57.806]],"c":true},"ix":2},"nm":"A","mn":"ADBE Vector Shape - Group","hd":false}],"nm":"A","np":5,"cix":2,"bm":0,"ix":1,"mn":"ADBE Vector Group","hd":false}]},"fFamily":"Montserrat"},{"ch":" ","size":46,"style":"Regular","w":25.8,"data":{},"fFamily":"Montserrat"},{"ch":"P","size":46,"style":"Regular","w":67.3,"data":{"shapes":[{"ty":"gr","it":[{"ind":0,"ty":"sh","ix":1,"ks":{"a":0,"k":{"i":[[0,0],[0,0],[0,0],[0,0],[0,0],[0,15.912],[17.725,0]],"o":[[0,0],[0,0],[0,0],[0,0],[17.725,0],[0,-15.308],[0,0]],"v":[[9.265,-70.496],[9.265,0],[21.149,0],[21.149,-21.249],[37.363,-21.249],[65.259,-46.426],[37.363,-70.496]],"c":true},"ix":2},"nm":"P","mn":"ADBE Vector Shape - Group","hd":false},{"ind":1,"ty":"sh","ix":2,"ks":{"a":0,"k":{"i":[[0,0],[0,0],[0,-9.265],[10.876,0],[0,0]],"o":[[0,0],[10.876,0],[0,9.567],[0,0],[0,0]],"v":[[21.149,-59.821],[36.859,-59.821],[53.879,-46.124],[36.859,-31.924],[21.149,-31.924]],"c":true},"ix":2},"nm":"P","mn":"ADBE Vector Shape - Group","hd":false}],"nm":"P","np":5,"cix":2,"bm":0,"ix":1,"mn":"ADBE Vector Group","hd":false}]},"fFamily":"Montserrat"},{"ch":"l","size":46,"style":"Regular","w":29.5,"data":{"shapes":[{"ty":"gr","it":[{"ind":0,"ty":"sh","ix":1,"ks":{"a":0,"k":{"i":[[0,0],[0,0],[0,0],[0,0]],"o":[[0,0],[0,0],[0,0],[0,0]],"v":[[20.645,0],[20.645,-74.725],[9.064,-74.725],[9.064,0]],"c":true},"ix":2},"nm":"l","mn":"ADBE Vector Shape - Group","hd":false}],"nm":"l","np":3,"cix":2,"bm":0,"ix":1,"mn":"ADBE Vector Group","hd":false}]},"fFamily":"Montserrat"},{"ch":"á","size":46,"style":"Regular","w":58.6,"data":{"shapes":[{"ty":"gr","it":[{"ind":0,"ty":"sh","ix":1,"ks":{"a":0,"k":{"i":[[0,0],[0,0],[0,0],[0,0]],"o":[[0,0],[0,0],[0,0],[0,0]],"v":[[32.73,-61.23],[45.016,-71.1],[33.133,-76.135],[22.458,-61.23]],"c":true},"ix":2},"nm":"á","mn":"ADBE Vector Shape - Group","hd":false},{"ind":1,"ty":"sh","ix":2,"ks":{"a":0,"k":{"i":[[0,0],[0,0],[0,0],[13.797,0],[7.452,-4.431],[0,0],[-5.136,0],[0,-6.747],[0,0],[0,0],[0,-9.769],[-11.581,0],[-3.827,4.733]],"o":[[0,0],[0,0],[-0.101,-11.783],[-10.172,0],[0,0],[5.338,-3.625],[8.459,0],[0,0],[0,0],[-12.891,0.101],[0,9.467],[7.755,0],[0,0]],"v":[[40.686,0],[52.066,0],[51.965,-35.147],[30.313,-53.979],[7.251,-47.232],[11.984,-39.175],[27.795,-44.614],[40.585,-33.838],[40.585,-32.227],[24.371,-32.227],[4.129,-16.113],[22.961,0.504],[40.686,-6.546]],"c":true},"ix":2},"nm":"á","mn":"ADBE Vector Shape - Group","hd":false},{"ind":2,"ty":"sh","ix":3,"ks":{"a":0,"k":{"i":[[8.258,0],[0,4.834],[-7.553,0],[0,0],[0,0]],"o":[[-6.445,0],[0,-5.136],[0,0],[0,0],[-0.604,5.841]],"v":[[25.378,-8.661],[15.005,-16.617],[26.083,-23.767],[40.585,-23.767],[40.585,-18.832]],"c":true},"ix":2},"nm":"á","mn":"ADBE Vector Shape - Group","hd":false}],"nm":"á","np":6,"cix":2,"bm":0,"ix":1,"mn":"ADBE Vector Group","hd":false}]},"fFamily":"Montserrat"},{"ch":"i","size":46,"style":"Regular","w":28.4,"data":{"shapes":[{"ty":"gr","it":[{"ind":0,"ty":"sh","ix":1,"ks":{"a":0,"k":{"i":[[3.827,0],[0,-4.129],[-3.827,0],[0,4.028]],"o":[[-3.827,0],[0,4.028],[3.827,0],[0,-4.129]],"v":[[14.301,-75.934],[7.553,-68.884],[14.301,-61.935],[21.048,-68.884]],"c":true},"ix":2},"nm":"i","mn":"ADBE Vector Shape - Group","hd":false},{"ind":1,"ty":"sh","ix":2,"ks":{"a":0,"k":{"i":[[0,0],[0,0],[0,0],[0,0]],"o":[[0,0],[0,0],[0,0],[0,0]],"v":[[20.041,0],[20.041,-53.577],[8.56,-53.577],[8.56,0]],"c":true},"ix":2},"nm":"i","mn":"ADBE Vector Shape - Group","hd":false}],"nm":"i","np":5,"cix":2,"bm":0,"ix":1,"mn":"ADBE Vector Group","hd":false}]},"fFamily":"Montserrat"},{"ch":"c","size":46,"style":"Regular","w":54.3,"data":{"shapes":[{"ty":"gr","it":[{"ind":0,"ty":"sh","ix":1,"ks":{"a":0,"k":{"i":[[9.668,0],[0,-16.214],[-15.912,0],[-4.834,6.345],[0,0],[6.747,0],[0,10.172],[-9.265,0],[-3.726,-3.827],[0,0]],"o":[[-15.912,0],[0,16.113],[10.172,0],[0,0],[-3.625,4.23],[-9.265,0],[0,-10.172],[6.445,-0.101],[0,0],[-4.935,-5.64]],"v":[[30.515,-53.979],[3.525,-26.688],[30.515,0.403],[53.275,-9.567],[46.829,-16.013],[31.018,-9.567],[15.106,-26.688],[31.018,-43.808],[46.326,-37.766],[52.67,-45.218]],"c":true},"ix":2},"nm":"c","mn":"ADBE Vector Shape - Group","hd":false}],"nm":"c","np":3,"cix":2,"bm":0,"ix":1,"mn":"ADBE Vector Group","hd":false}]},"fFamily":"Montserrat"},{"ch":"B","size":46,"style":"Regular","w":70.6,"data":{"shapes":[{"ty":"gr","it":[{"ind":0,"ty":"sh","ix":1,"ks":{"a":0,"k":{"i":[[0,0],[0,0],[0,0],[0,12.085],[9.467,1.611],[0,7.956],[14.603,0]],"o":[[0,0],[0,0],[15.912,0],[0,-9.467],[7.654,-1.813],[0,-10.977],[0,0]],"v":[[9.265,-70.496],[9.265,0],[40.585,0],[66.266,-19.336],[51.16,-37.161],[63.547,-52.872],[39.88,-70.496]],"c":true},"ix":2},"nm":"B","mn":"ADBE Vector Shape - Group","hd":false},{"ind":1,"ty":"sh","ix":2,"ks":{"a":0,"k":{"i":[[0,0],[0,0],[0,-5.942],[7.553,0],[0,0]],"o":[[0,0],[7.553,0],[0,5.942],[0,0],[0,0]],"v":[[21.149,-59.921],[39.276,-59.921],[51.361,-50.757],[39.276,-41.29],[21.149,-41.29]],"c":true},"ix":2},"nm":"B","mn":"ADBE Vector Shape - Group","hd":false},{"ind":2,"ty":"sh","ix":3,"ks":{"a":0,"k":{"i":[[0,0],[0,0],[0,-6.244],[9.265,0],[0,0]],"o":[[0,0],[9.265,0],[0,6.647],[0,0],[0,0]],"v":[[21.149,-30.817],[39.276,-30.817],[54.08,-20.847],[39.276,-10.574],[21.149,-10.574]],"c":true},"ix":2},"nm":"B","mn":"ADBE Vector Shape - Group","hd":false}],"nm":"B","np":6,"cix":2,"bm":0,"ix":1,"mn":"ADBE Vector Group","hd":false}]},"fFamily":"Montserrat"},{"ch":"E","size":46,"style":"Regular","w":65.6,"data":{"shapes":[{"ty":"gr","it":[{"ind":0,"ty":"sh","ix":1,"ks":{"a":0,"k":{"i":[[0,0],[0,0],[0,0],[0,0],[0,0],[0,0],[0,0],[0,0],[0,0],[0,0],[0,0],[0,0]],"o":[[0,0],[0,0],[0,0],[0,0],[0,0],[0,0],[0,0],[0,0],[0,0],[0,0],[0,0],[0,0]],"v":[[59.619,-59.821],[59.619,-70.496],[9.265,-70.496],[9.265,0],[60.828,0],[60.828,-10.675],[21.149,-10.675],[21.149,-30.112],[55.591,-30.112],[55.591,-40.787],[21.149,-40.787],[21.149,-59.821]],"c":true},"ix":2},"nm":"E","mn":"ADBE Vector Shape - Group","hd":false}],"nm":"E","np":3,"cix":2,"bm":0,"ix":1,"mn":"ADBE Vector Group","hd":false}]},"fFamily":"Montserrat"},{"ch":"é","size":46,"style":"Regular","w":58.8,"data":{"shapes":[{"ty":"gr","it":[{"ind":0,"ty":"sh","ix":1,"ks":{"a":0,"k":{"i":[[0,0],[0,0],[0,0],[0,0]],"o":[[0,0],[0,0],[0,0],[0,0]],"v":[[33.536,-61.23],[45.822,-71.1],[33.939,-76.135],[23.264,-61.23]],"c":true},"ix":2},"nm":"é","mn":"ADBE Vector Shape - Group","hd":false},{"ind":1,"ty":"sh","ix":2,"ks":{"a":0,"k":{"i":[[18.832,0],[0,-16.214],[-16.516,0],[-5.237,5.74],[0,0],[5.841,0],[1.813,8.258],[0,0]],"o":[[-15.912,0.101],[0,16.113],[9.265,0],[0,0],[-3.928,4.028],[-8.459,0],[0,0],[1.41,-19.336]],"v":[[30.615,-53.979],[3.525,-26.688],[30.917,0.403],[53.073,-8.661],[46.93,-15.207],[31.824,-8.963],[15.207,-22.357],[55.692,-22.357]],"c":true},"ix":2},"nm":"é","mn":"ADBE Vector Shape - Group","hd":false},{"ind":2,"ty":"sh","ix":3,"ks":{"a":0,"k":{"i":[[0,0],[-8.459,0],[-0.403,-8.661]],"o":[[1.309,-8.56],[8.762,0],[0,0]],"v":[[15.005,-30.817],[30.716,-44.714],[45.621,-30.817]],"c":true},"ix":2},"nm":"é","mn":"ADBE Vector Shape - Group","hd":false}],"nm":"é","np":6,"cix":2,"bm":0,"ix":1,"mn":"ADBE Vector Group","hd":false}]},"fFamily":"Montserrat"},{"ch":"n","size":46,"style":"Regular","w":66.3,"data":{"shapes":[{"ty":"gr","it":[{"ind":0,"ty":"sh","ix":1,"ks":{"a":0,"k":{"i":[[12.488,0],[3.827,-7.452],[0,0],[0,0],[0,0],[0,0],[0,0],[-8.862,0.101],[0,-8.057],[0,0],[0,0],[0,0]],"o":[[-9.064,0],[0,0],[0,0],[0,0],[0,0],[0,0],[0.806,-8.359],[8.057,0],[0,0],[0,0],[0,0],[0,-12.79]],"v":[[39.88,-53.979],[20.142,-43.304],[20.142,-53.577],[8.56,-53.577],[8.56,0],[20.142,0],[20.142,-28.5],[35.349,-43.103],[48.239,-30.112],[48.239,0],[59.821,0],[59.821,-33.334]],"c":true},"ix":2},"nm":"n","mn":"ADBE Vector Shape - Group","hd":false}],"nm":"n","np":3,"cix":2,"bm":0,"ix":1,"mn":"ADBE Vector Group","hd":false}]},"fFamily":"Montserrat"},{"ch":"M","size":46,"style":"Regular","w":92.5,"data":{"shapes":[{"ty":"gr","it":[{"ind":0,"ty":"sh","ix":1,"ks":{"a":0,"k":{"i":[[0,0],[0,0],[0,0],[0,0],[0,0],[0,0],[0,0],[0,0],[0,0],[0,0],[0,0],[0,0],[0,0]],"o":[[0,0],[0,0],[0,0],[0,0],[0,0],[0,0],[0,0],[0,0],[0,0],[0,0],[0,0],[0,0],[0,0]],"v":[[83.789,0],[83.789,-70.496],[69.791,-70.496],[46.628,-23.666],[23.364,-70.496],[9.265,-70.496],[9.265,0],[20.444,0],[20.444,-52.67],[42.7,-7.352],[50.455,-7.352],[72.711,-52.67],[72.812,0]],"c":true},"ix":2},"nm":"M","mn":"ADBE Vector Shape - Group","hd":false}],"nm":"M","np":3,"cix":2,"bm":0,"ix":1,"mn":"ADBE Vector Group","hd":false}]},"fFamily":"Montserrat"},{"ch":"ú","size":46,"style":"Regular","w":65.3,"data":{"shapes":[{"ty":"gr","it":[{"ind":0,"ty":"sh","ix":1,"ks":{"a":0,"k":{"i":[[0,0],[0,0],[0,0],[0,0]],"o":[[0,0],[0,0],[0,0],[0,0]],"v":[[36.053,-61.23],[48.34,-71.1],[36.456,-76.135],[25.781,-61.23]],"c":true},"ix":2},"nm":"ú","mn":"ADBE Vector Shape - Group","hd":false},{"ind":1,"ty":"sh","ix":2,"ks":{"a":0,"k":{"i":[[0,0],[0,0],[0,0],[9.265,-0.201],[0,8.057],[0,0],[0,0],[0,0],[-12.286,0],[-3.625,7.452],[0,0],[0,0]],"o":[[0,0],[0,0],[0,9.366],[-7.755,0],[0,0],[0,0],[0,0],[0,12.79],[8.762,-0.101],[0,0],[0,0],[0,0]],"v":[[57.202,-53.577],[45.621,-53.577],[45.621,-27.191],[30.917,-10.474],[18.43,-23.465],[18.43,-53.577],[6.848,-53.577],[6.848,-20.242],[26.486,0.403],[45.621,-10.474],[45.621,0],[57.202,0]],"c":true},"ix":2},"nm":"ú","mn":"ADBE Vector Shape - Group","hd":false}],"nm":"ú","np":5,"cix":2,"bm":0,"ix":1,"mn":"ADBE Vector Group","hd":false}]},"fFamily":"Montserrat"},{"ch":"d","size":46,"style":"Regular","w":68.2,"data":{"shapes":[{"ty":"gr","it":[{"ind":0,"ty":"sh","ix":1,"ks":{"a":0,"k":{"i":[[0,0],[0,0],[0,0],[8.661,0],[0,-16.113],[-15.408,0],[-3.827,6.244],[0,0],[0,0]],"o":[[0,0],[0,0],[-3.928,-6.244],[-15.106,0],[0,16.315],[8.56,0],[0,0],[0,0],[0,0]],"v":[[59.619,-74.725],[48.038,-74.725],[48.038,-44.312],[29.004,-54.08],[3.525,-26.99],[29.205,0.504],[48.038,-9.164],[48.038,0],[59.619,0]],"c":true},"ix":2},"nm":"d","mn":"ADBE Vector Shape - Group","hd":false},{"ind":1,"ty":"sh","ix":2,"ks":{"a":0,"k":{"i":[[9.668,0],[0.101,10.172],[-9.668,0],[0,-10.373]],"o":[[-9.769,0],[0.101,-10.272],[9.668,0],[0,10.172]],"v":[[31.622,-9.164],[15.106,-26.587],[31.622,-44.211],[48.038,-26.587]],"c":true},"ix":2},"nm":"d","mn":"ADBE Vector Shape - Group","hd":false}],"nm":"d","np":5,"cix":2,"bm":0,"ix":1,"mn":"ADBE Vector Group","hd":false}]},"fFamily":"Montserrat"},{"ch":"z","size":46,"style":"Regular","w":53.7,"data":{"shapes":[{"ty":"gr","it":[{"ind":0,"ty":"sh","ix":1,"ks":{"a":0,"k":{"i":[[0,0],[0,0],[0,0],[0,0],[0,0],[0,0],[0,0],[0,0],[0,0],[0,0]],"o":[[0,0],[0,0],[0,0],[0,0],[0,0],[0,0],[0,0],[0,0],[0,0],[0,0]],"v":[[49.448,-45.721],[49.448,-53.476],[5.438,-53.577],[5.438,-44.11],[35.147,-44.11],[4.532,-7.855],[4.532,0],[50.354,0.101],[50.354,-9.366],[18.832,-9.467]],"c":true},"ix":2},"nm":"z","mn":"ADBE Vector Shape - Group","hd":false}],"nm":"z","np":3,"cix":2,"bm":0,"ix":1,"mn":"ADBE Vector Group","hd":false}]},"fFamily":"Montserrat"},{"ch":"j","size":46,"style":"Regular","w":28.7,"data":{"shapes":[{"ty":"gr","it":[{"ind":0,"ty":"sh","ix":1,"ks":{"a":0,"k":{"i":[[4.23,0],[0,-4.129],[-4.028,0],[0,4.028]],"o":[[-4.028,0],[0,4.028],[4.23,0],[0,-4.129]],"v":[[14.2,-75.934],[7.15,-68.884],[14.2,-61.835],[21.35,-68.884]],"c":true},"ix":2},"nm":"j","mn":"ADBE Vector Shape - Group","hd":false},{"ind":1,"ty":"sh","ix":2,"ks":{"a":0,"k":{"i":[[0,0],[0,0],[0,0],[3.525,0],[2.115,1.511],[0,0],[-4.028,0],[0,12.689]],"o":[[0,0],[0,0],[0,5.136],[-2.216,0],[0,0],[3.122,2.316],[8.56,0],[0,0]],"v":[[19.94,-53.577],[8.459,-53.577],[8.459,2.618],[2.115,9.869],[-4.733,7.452],[-8.56,16.415],[2.618,20.041],[19.94,1.511]],"c":true},"ix":2},"nm":"j","mn":"ADBE Vector Shape - Group","hd":false}],"nm":"j","np":5,"cix":2,"bm":0,"ix":1,"mn":"ADBE Vector Group","hd":false}]},"fFamily":"Montserrat"},{"ch":"I","size":46,"style":"Regular","w":30.2,"data":{"shapes":[{"ty":"gr","it":[{"ind":0,"ty":"sh","ix":1,"ks":{"a":0,"k":{"i":[[0,0],[0,0],[0,0],[0,0]],"o":[[0,0],[0,0],[0,0],[0,0]],"v":[[21.149,0],[21.149,-70.496],[9.265,-70.496],[9.265,0]],"c":true},"ix":2},"nm":"I","mn":"ADBE Vector Shape - Group","hd":false}],"nm":"I","np":3,"cix":2,"bm":0,"ix":1,"mn":"ADBE Vector Group","hd":false}]},"fFamily":"Montserrat"},{"ch":"m","size":46,"style":"Regular","w":104.3,"data":{"shapes":[{"ty":"gr","it":[{"ind":0,"ty":"sh","ix":1,"ks":{"a":0,"k":{"i":[[12.286,0],[3.424,-8.963],[9.567,0],[3.726,-7.553],[0,0],[0,0],[0,0],[0,0],[0,0],[-9.265,0.302],[0,-8.157],[0,0],[0,0],[0,0],[-9.164,0.302],[0,-8.157],[0,0],[0,0],[0,0]],"o":[[-9.769,0],[-2.518,-8.157],[-8.862,0],[0,0],[0,0],[0,0],[0,0],[0,0],[0,-9.366],[7.855,0],[0,0],[0,0],[0,0],[0,-9.366],[7.855,0],[0,0],[0,0],[0,0],[0,-12.79]],"v":[[78.452,-53.979],[58.109,-41.089],[39.478,-53.979],[20.041,-43.204],[20.041,-53.577],[8.56,-53.577],[8.56,0],[20.041,0],[20.041,-26.486],[34.946,-43.204],[47.534,-30.112],[47.534,0],[59.116,0],[59.116,-26.486],[73.819,-43.204],[86.508,-30.112],[86.508,0],[98.09,0],[98.09,-33.334]],"c":true},"ix":2},"nm":"m","mn":"ADBE Vector Shape - Group","hd":false}],"nm":"m","np":3,"cix":2,"bm":0,"ix":1,"mn":"ADBE Vector Group","hd":false}]},"fFamily":"Montserrat"},{"ch":"u","size":46,"style":"Regular","w":65.3,"data":{"shapes":[{"ty":"gr","it":[{"ind":0,"ty":"sh","ix":1,"ks":{"a":0,"k":{"i":[[0,0],[0,0],[0,0],[9.265,-0.201],[0,8.057],[0,0],[0,0],[0,0],[-12.286,0],[-3.625,7.452],[0,0],[0,0]],"o":[[0,0],[0,0],[0,9.366],[-7.755,0],[0,0],[0,0],[0,0],[0,12.79],[8.762,-0.101],[0,0],[0,0],[0,0]],"v":[[57.202,-53.577],[45.621,-53.577],[45.621,-27.191],[30.917,-10.474],[18.43,-23.465],[18.43,-53.577],[6.848,-53.577],[6.848,-20.242],[26.486,0.403],[45.621,-10.474],[45.621,0],[57.202,0]],"c":true},"ix":2},"nm":"u","mn":"ADBE Vector Shape - Group","hd":false}],"nm":"u","np":3,"cix":2,"bm":0,"ix":1,"mn":"ADBE Vector Group","hd":false}]},"fFamily":"Montserrat"},{"ch":"ó","size":46,"style":"Regular","w":62.5,"data":{"shapes":[{"ty":"gr","it":[{"ind":0,"ty":"sh","ix":1,"ks":{"a":0,"k":{"i":[[0,0],[0,0],[0,0],[0,0]],"o":[[0,0],[0,0],[0,0],[0,0]],"v":[[47.232,-71.1],[35.349,-76.135],[24.673,-61.23],[34.946,-61.23]],"c":true},"ix":2},"nm":"ó","mn":"ADBE Vector Shape - Group","hd":false},{"ind":1,"ty":"sh","ix":2,"ks":{"a":0,"k":{"i":[[16.516,0],[0,-16.214],[-16.617,0],[0,16.113]],"o":[[-16.617,0],[0,16.113],[16.516,0],[0,-16.214]],"v":[[31.522,-53.979],[3.525,-26.788],[31.522,0.403],[59.418,-26.788]],"c":true},"ix":2},"nm":"ó","mn":"ADBE Vector Shape - Group","hd":false},{"ind":2,"ty":"sh","ix":3,"ks":{"a":0,"k":{"i":[[-9.668,0],[0,-10.272],[9.567,0],[0,10.373]],"o":[[9.567,0],[0,10.373],[-9.668,0],[0,-10.272]],"v":[[31.522,-44.009],[47.836,-26.688],[31.522,-9.265],[15.106,-26.688]],"c":true},"ix":2},"nm":"ó","mn":"ADBE Vector Shape - Group","hd":false}],"nm":"ó","np":6,"cix":2,"bm":0,"ix":1,"mn":"ADBE Vector Group","hd":false}]},"fFamily":"Montserrat"},{"ch":"T","size":46,"style":"Regular","w":57.9,"data":{"shapes":[{"ty":"gr","it":[{"ind":0,"ty":"sh","ix":1,"ks":{"a":0,"k":{"i":[[0,0],[0,0],[0,0],[0,0],[0,0],[0,0],[0,0],[0,0]],"o":[[0,0],[0,0],[0,0],[0,0],[0,0],[0,0],[0,0],[0,0]],"v":[[57.404,-59.821],[57.404,-70.496],[0.906,-70.496],[0.906,-59.821],[23.163,-59.821],[23.163,0],[35.046,0],[35.046,-59.821]],"c":true},"ix":2},"nm":"T","mn":"ADBE Vector Shape - Group","hd":false}],"nm":"T","np":3,"cix":2,"bm":0,"ix":1,"mn":"ADBE Vector Group","hd":false}]},"fFamily":"Montserrat"},{"ch":"\r","size":46,"style":"Regular","w":0,"fFamily":"Montserrat"},{"ch":"g","size":46,"style":"Regular","w":64,"data":{"shapes":[{"ty":"gr","it":[{"ind":0,"ty":"sh","ix":1,"ks":{"a":0,"k":{"i":[[0,0],[0,0],[0,0],[8.258,-0.101],[0,-15.106],[-14.502,0],[-3.625,5.841],[0,0],[10.172,0],[5.035,3.726],[0,0],[-8.359,0],[0,15.408]],"o":[[0,0],[0,0],[-3.726,-5.841],[-14.2,0.101],[0,15.408],[8.057,0],[0,0],[0,9.265],[-6.546,0],[0,0],[6.546,4.431],[16.818,0],[0,0]],"v":[[56.9,-53.577],[45.419,-53.577],[45.419,-44.916],[27.292,-53.979],[3.525,-28.5],[27.695,-2.618],[45.419,-11.682],[45.419,-4.935],[28.601,10.272],[11.783,4.431],[6.848,12.79],[29.105,19.839],[56.9,-5.237]],"c":true},"ix":2},"nm":"g","mn":"ADBE Vector Shape - Group","hd":false},{"ind":1,"ty":"sh","ix":2,"ks":{"a":0,"k":{"i":[[9.064,0],[0.101,9.668],[-9.164,0],[0,-9.668]],"o":[[-9.265,0],[0.101,-9.567],[9.064,0],[0,9.668]],"v":[[30.011,-11.682],[14.401,-28.198],[30.011,-44.614],[45.419,-28.198]],"c":true},"ix":2},"nm":"g","mn":"ADBE Vector Shape - Group","hd":false}],"nm":"g","np":5,"cix":2,"bm":0,"ix":1,"mn":"ADBE Vector Group","hd":false}]},"fFamily":"Montserrat"},{"ch":"C","size":46,"style":"Regular","w":68.2,"data":{"shapes":[{"ty":"gr","it":[{"ind":0,"ty":"sh","ix":1,"ks":{"a":0,"k":{"i":[[9.97,0],[0,-20.041],[-20.645,0],[-7.15,7.05],[0,0],[7.05,0],[0,13.898],[-14.099,0],[-5.136,-5.539],[0,0]],"o":[[-20.847,0],[0,20.242],[9.97,0],[0,0],[-5.338,5.136],[-14.099,0],[0,-13.898],[7.15,0],[0,0],[-6.848,-6.747]],"v":[[40.485,-70.798],[3.424,-35.349],[40.082,0.504],[67.374,-11.078],[60.324,-18.933],[40.686,-10.574],[15.509,-35.449],[40.686,-60.223],[60.324,-51.26],[67.273,-59.921]],"c":true},"ix":2},"nm":"C","mn":"ADBE Vector Shape - Group","hd":false}],"nm":"C","np":3,"cix":2,"bm":0,"ix":1,"mn":"ADBE Vector Group","hd":false}]},"fFamily":"Montserrat"}]}